80d13ef5e3bb5d3be05afa55d351c6033abd16a9,src/main/java,src/test/java
72ebdc06ab615728cda4229e6a0d1ac223a7aded,src/main/java,src/test/java
2f88f06d6b0e851ff8ed2125085d3faac3f4ee1b,src/main/java,src/test/java
49b924805987d4cfcce055808cec6d3b1f2b2689,src/main/java,src/test/java
1ecdac18398657cb314e8b53f2fe9c789c797734,src/main/java,src/test/java
6df356efcaf28262ec75db2d8e7a2bf7eafb5349,src/main/java,src/test/java
ad0b7e88056eb662ead86885667be6055708e67d,src,test
ce6b3c9e4ee33e00d2ed442d4d2c6587ab75e306,src,test
2d036ecf1d7170b4ec7346579a1ef8904109530a,src,test
4b20bf0d57ae1b8fa5fd51b3257bf672f057cdc2,src,test
ea121e9102e6df9ab12da437dc95560c4977b5ba,src,test
8d0cf6751ed16b0c455e78051f05fad19c3c01c2,src,test
377e05a964e25219c60a2eb50106d363b4c84fca,src,test
abee8fa4fda07af8ec0bc8eee873ea0a4b91f806,src,test
2c59c46dff582d686d91e8b6cc3535e2beb3a87c,src,test
c83de87155d6ef52fb4afd8db66622c27d946670,src,test
f41e7c7bcc52ed32e920300462cf7b4955b8584a,src,test
5a1bbd884bc860aa3787ba65fcb49c0032a1cdfa,src,test
3eec7451d6c83c280743c39b39c77a179abb30f9,src,test
6c6f4ddceb51a8c5d04186c3ab4193575e1d83c5,src,test
4e9d7607825c3c668fd43f19507bfead566c528c,src,test
837fd054a0da2c8706732dcd4bc880a64b957c78,src,test
144e32d269f6f5af529c52505e43b96f9fe59dea,src,test
41b184237e5713d1c9b71714a7ecd00caab5e1b7,src,test
0cd01b9d9719ef952035a426eef8272561f35d54,src,test
d30450fa1172d79cc051b2fe8064744c2ac7a003,src,test
ce3d2fbb79a33fc5881dfd5348fa3ce378a76afa,src,test
1c153d259d0680f8c0c076c3e73bbbd7d0f3cabe,src,test
b324bcf197fa8bf39a5a192ce48f66f43f261fd8,src,test
80452c7a42777513c35fd30c4e12bcd7ee438fb9,src,test
14366365c800e14e3d062b0565523c849e350e8d,src,test
f0b7797ae7834cb6eb7749ab5f32de7c37eed23b,src,test
c25cb6bff7eb4774efda345e8bf9eaad4c66a652,src,test
42b391d4209024292b6101048389570e4ec36b2a,src,test
fff76563d9e0ed412dc828c53cfdc7d142997a31,src,test
42a24dde02923185db3f79ae57e7819f7d70af55,src,test
76e253885e6ad4bc6eab28aaf390e2acc5ed0249,src,test
611aadad684ed247741da29ae42cb32c1eec5ee6,src,test
a7ba606944563adcdc631a2c04463a8124d26b02,src,test
dc205824dbc289acbcde919e430176ad72da847f,src,test
3c8892b8a077598ecf988115214e5e01c310b08b,src,test
0aaa36ce6924ca87f88e3723771413b42b80dc5a,src,test
3ca1ba3757dc8ecda0e7292599306ab94a611ad6,src,test
e49d2db677d52c1d0260363160e669730c6c0435,src,test
a777d48074b5b2723e8491cdd898f4fe787d9956,src,test
424df538cb2f24351e0a4f8efd132078abdd2576,src,test
b8cfa22bd410c78656101a9eb02f3eab4be97e32,src,test
3175ad0d549da31f0c886ec74e85632d4679cd46,src,test
9fb7d8b62814f959ceca6096d785b96c11bdfd0a,src,test
5a03bf5d0c9aedac9cfbf074833167c1eca6439f,src,test
6668b19a3adfdce6579fd3c230c7015893c65ea7,src,test
f45c2dc0c21f365218fa093106e45dbb0b54746a,src,test
31f908029b8cd9b1f32bed3a41651b30ebb47b9f,src,test
699e45d5591b112c92a7762e73ee7084b3006d09,src,test
5ae308a1ff1e4d75281c3e3699c560dc4b95781c,src,test
2afff7b59f5cf7286d6f21d56c7f048b1ddd0391,src,test
386aa276d427cfa827b2345fa80b57a3ed7698a9,src,test
b00a6d252f87c886e5f8830bbdb6c1af2bd0ee9c,src,test
1beeae39ac9f79d6a0db285dec311b78025ac062,src,test
6bdc52da79cadc0bc4f4e0b514e9f89ffcc170cc,src,test
e54756598483b9f9cbe80bf20344edad1191d777,src,test
407c84963477d441cc6e4b44421b440db0ed5d46,src,test
440ce5a4ac3acaa85af0f351216726ddec6639e4,src,test
429a0e9b84a72ed62c1601352f69653ad5025851,src,test
4926859bcfafa5267cc4892d08346bcaaf56f9e4,src,test
78f4fc0c4007242c012d3159bb8760590f43575f,src,test
8fe651b992013cb752bdfec437969b7507dd6c1f,src,test
57be784ef15d4d4d685e59d7e855e01de81a77a5,src,test
1802cf79c482f2df29abb3d6735bcf0b16cedb7d,src,test
842a4ba453d1624407a96d089138e76c3260fca3,src,test
fd9543889f8f8b396466cb7494e29321082624ef,src,test
60451459593ed046b537fc80da1f219d3efa6e67,src,test
e4e6453ad184e1b2b54d2cf95f1b85bc9ffce292,src,test
4a0e6702b099e2213bd6b7785324d6d0499b4923,src,test
c4c1bb3c94e3215cdb38014bde24570c03522bd3,src,test
767449b145e88b90b10a5a6aa0fb7cc59ee51f05,src,test
7740e47643b81ce10d2bc31e7e48be5afe70d868,src,test
8b3867b46712bdb2be3f9f6693b74d68e5d45702,src,test
9cd506f0f2c04c94358d7bf8ffe90ae5d8936c9a,src,test
d0cca6a334ec112dec1b3b551e2c762ce0bb5081,src,test
e9d4423a6113f34adcc6700e4aac05cc3570f307,src,test
0c2078cf66447713efb70d61061c896d01db1e2f,src,test
a6c2b7aeafc5b88de68ee755023795e4c7660a67,src,test
014ec7bebe9cb2ef80ee7346053f854faf5fc41e,src,test
7b715326a38a70933f27cd688cd0346cd6a0cd89,src,test
7342c3c8a7f72ae21dbc683053aefc8d026554b2,src,test
5ea5f32d6ca22a7352ff2d43dfc61b7f6f6c2cea,src,test
fb8e3f49fd8de6cb28689890bb2952d547df8e46,src,test
346d4b45560e19300f91f5cd9e676c7ae5af446f,src,test
4dec37f5da9ec241830cc0a4925d148b76fa6431,src,test
b74f891c2749b01dc5b2710eb657436a89404ec1,src,test
a4c2825d2cffcf0493e8a8acd13da1bdaf0cd2f7,src,test
76ec5fceb1a9851d8aa6356f95f7a5668023e231,src,test
1193677c86b012554f45ada671af2dbcfe0ad60f,src,test
cc4361de21e733192a01cd6372ed814f825a9cc4,src,test
60b99d9f4123c2ce6ad78b60a15c90515072e273,src,test
3921b5d40d1d1725ca54457c3ba657c602d6286a,src,test
c3e55a273574f6288692222dbab853163bf945b7,src,test
c95a3842e5588ee033fb8859939117ac7a468282,src,test
436dc93626810090924d488d2d4ebdb500580c8c,src,test
4ebcf27d7a2f36be3384f5a371336cc94540882a,src,test
5ed348f241caf600ab37e6dbdb96b770a16120f9,src,test
ae7a892f4d8c23b68cf0b4a7efd348e2861a5106,src,test
3de93ee8d4ac5a5aa01b0730aed90d46eec1f851,src,test
77c6703f60d87b88b0e5b175b8fb0462483a8f69,src,test
81a380951402d2a158af115ed616ab36e94793b8,src,test
8cd212c56b5d87ca1685f916e83c245c51b796c0,src,test
6717ae87b87e75b90beffd22f3f6dd99dd18f7e8,src,test
6451c8400074e43f5c7a270efbf45542dca835c2,src,test
ca877b7c95faef8e1f68109573b87f8abe646311,src,test
a154b66c1a87eb4ff26d91781414dde042bb9a9f,src,test
7a647a702c8af81ccf5d37b09c11529c6c0cb1b7,src,test
75e15e432ce0caed960387dbdf363b6872794d90,src,test
2eb41dde4e2ded14d86cee801e6b73867ed12110,src,test
50395df33fd3c83697109729b2b955a25ff2444c,src,test
88100667b90c4621178fd870fa1ca43060512fc6,src,test
2037361bea014c9ac87393eb96a95374dff46182,src,test
c478a8809b640713e8ffb6da2f554dda3a3674b0,src,test
9b2cf8072ece7c7629eff6037853b3e14ab5f524,src,test
620f8faed0ad132961aae3a8671120e0929ce828,src,test
72076a82c786cd691b80a01a8e6d741a8b0ad0db,src,test
188cbae7ae307e7c81c4ad321a4837dd93157b67,src,test
b6790ee34d8d858a89b80a9ae40f19d87ce1dab8,src,test
77cb2037314dd024eb53ffe2e9e06304088a2d53,src,test
44863d7024cb97380037a52391619e9154db7fc2,src,test
f895c2420266ee9c4ba5c7b8428c3acdf73e94bf,src,test
31fec00e6f3db5458d6dfb6266811dd498f3ada5,src,test
ba4562d861c96d04c25ac686ced707a1185676c6,src,test
cbc530c6a55b947a6008dcd4e511794c93cad513,src,test
462fdfbd58ba83c2d17dd417311c6d24b226b327,src,test
eb34c4f1dbdde6feabeb0d0b7162665ca42e5a12,src,test
f287295935eeb13d87d64993e3a760378d9dc1c5,src,test
abc41d7fe154b0bf95eac5cf75eb8d037acc6d0d,src,test
f4d469e90d757ad9347358203c0dd8adc07e2cda,src,test
ed099e93a33e6f205f64471c4f135c9b105b6650,src,test
454cd22e6bc98033d7e9045382118dee6820e5e3,src,test
86929f800ff4e67135859f33b9adfc84484111b1,src,test
c01c0aa8acfe7d461e1d3959226c8433678bd69b,src,test
eb880ea3a1544c39f5ac71234d28979bd2e31c1d,src,test
da356dd577ea37a8e7f3c32d2ed59a41d8ece29b,src,test
d4c2e817d969ace204a9e93dccc23edf4c53c500,src,test
7df9cbccd46ba1b140711c5fc43c5c6a7f374004,src,test
b29ef3f51906ac76e0ebf7870b91a2174f71d589,src/main/java,src/test/java
196ff979da156caa07e19f57e4849637d8bede1a,src/main/java,src/test/java
5ab011e72d438949469568e50bb48d8c50d8bb3e,src/main/java,src/test/java
acdcba32765dd93da6f23fc91852f16c5d23ebf4,src/main/java,src/test/java
46dbe7a3f45e2e6ffc6aa1dbe17cffeff7d9a40f,src/main/java,src/test/java
b7fab86a92cd129a574babbc33c2310290f258d6,src/main/java,src/test/java
820272b5172fcaeff6cdf64ac090e03df97245f4,src/main/java,src/test/java
952706f818ac990b6afcd7d8e094d91106726d48,src/main/java,src/test/java
9a9ae1c4724a20a5ced7c94abd3431d4e3bda614,src/main/java,src/test/java
7b62390fec00c46fa8924354c27686a1a44fe2ab,src/main/java,src/test/java
928d952b2dd9584223f3e710876d225e094e7dd5,src/main/java,src/test/java
545d9d524eb8b6c4f17bed3e72fc5de786a01c35,src/main/java,src/test/java
8849baa2dfefea41ed3d98584c57437ed27d7deb,src/main/java,src/test/java
190f6be12c22f16bd2146280be700be9b84ecd71,src/main/java,src/test/java
10a10d3034ad16daf05f59344fd27fadd305eadb,src/main/java,src/test/java
76e4522512860371a1afbb3c1cfd53d3f59a0074,src/main/java,src/test/java
4c41f182a10a91991073275dd19585161afabfa0,src/main/java,src/test/java
3a2ff5edc8e750e2671cac6127d5561b9beb7c1d,src/main/java,src/test/java
e305ae173e0838b36949409a9ed8b2e3052c35bf,src/main/java,src/test/java
e00c6eecef91cc3ace7c70883c3c6fa1bbbf65ad,src/main/java,src/test/java
6aea85eee7d5e5b3ab857faa0eaee0d4e305d919,src/main/java,src/test/java
6d1d440ae9fd28ebd7ed026084221e71e47bd46a,src/main/java,src/test/java
3313d3dc07ba3de60bda59dcee19c84134e2d4ea,src/main/java,src/test/java
1360816a0a8e5de141dc20eaad5d63bb7c38f212,src/main/java,src/test/java
c303e49b60d10960b4155bc1202483b08fa4ec9d,src/main/java,src/test/java
2f21db0b434f6889caaa1550c6b35691065e3df5,src/main/java,src/test/java
971be4d8184ec916a5ebc2395050804da22b5b33,src/main/java,src/test/java
247be1ddbc215c74c647683887c95cb37b533bc0,src/main/java,src/test/java
495406554354a23980ac40fb991c1dae8f4105aa,src/main/java,src/test/java
aff4be4198119fba9e2aab74108c7861bcc29557,src/main/java,src/test/java
7fabd84fdfb2f80f8c135fe3865263c684c0d4e7,src/main/java,src/test/java
f2bae829dc9b831fb1ece4a281112e44112d19fe,src/main/java,src/test/java
e8640baba7eeaf4d333696492b6868feb115094f,src/main/java,src/test/java
b9a510bbcd75ee3395f92e5d9bec6f3536df32b6,src/main/java,src/test/java
3ec1008fffad541beab504677db286616fda040b,src/main/java,src/test/java
1d457fd2d0360d0d314886bb11060baf4c58181e,src/main/java,src/test/java
a821f7b0ec47f3214bf6f0361df5deb211fa2214,src/main/java,src/test/java
0ddffc4878b2bba7dde95898260cc12ead7014d2,src/main/java,src/test/java
d0ca11e46ead3694aeabf17d383472544fa73c15,src/main/java,src/test/java
ffe2e88463d4d8eb24659150556af2191cbaddb6,src/main/java,src/test/java
d8e4bce842366890d9ef608dc9d95fe08e8668fa,src/main/java,src/test/java
9ec837abf658ed9a2c5f18ad5ba52ce9edeea651,src/main/java,src/test/java
25ef8920ee82c6979950f0cb44cbaded1d5099b1,src/main/java,src/test/java
b8e5dc873e3c1995b0b1130c049e9e1ffbf54fd8,src/main/java,src/test/java
1853eca0967cf0c2c2a444c1c6987452761dcc5d,src/main/java,src/test/java
d2c4f127e1667da19812d522cff831554b9d2346,src/main/java,src/test/java
a3f0d2d56d32d50fcdf166c6fd72357ae01eebbb,src/main/java,src/test/java
8faf61f3867f461f1f1d8c48c263c732a5e1bef8,src/main/java,src/test/java
817b04b82ee802f0cf9009952521d1d7496c69d7,src/main/java,src/test/java
686c4751218660eea54a3a47e620f03a6baf4586,src/main/java,src/test/java
6425885b041c9f44f1e9c6154ac8d85979fb9442,src/main/java,src/test/java
15688023419199b0a27b15a8d782848cdfaa9530,src/main/java,src/test/java
3248e67d30a5e449f362dab9be58c55560630e3a,src/main/java,src/test/java
037b0dbc2097f0d5aee0200d22bd46a79f8a34d3,src,test
9d3124ae8768ec9fb60ff5b8a176b060491f9770,src,test
46e0886ef6452807ad177afa9c8342ee5e2755e8,src,test
d468d172937f8b8df8aad05a632d7c5919adf0c5,src,test
a2aad93b92cf12906ff29a0468a4cfc4d1ce8b3d,src,test
2e70076dd46068bba95c4784fed713dfa9a22b3f,src,test
e01a0286654761b29862093f024332ae450a5b92,src,test
35786f34e99802ff57cc3134869f82f493a30269,src,test
3f388ae15ce51e3baae18059b9554c4205e25866,src,test
7075d488bee8206a8941955bbf5ecb17ad4f024d,src,test
11efdbdfc7aad145e1df29e30f55f563ab30720f,src,test
06586b5a4b3d21e691912356851cfc6a11889f64,src,test
1e8aac541a4001d3fc134fb983ceee31042bf59d,src,test
18baa5f85ada540980898e23a8bbdcfccd7ecb67,src,test
ca6896347965ec1354d9e0439d9389839fc9bc5f,src,test
8007d87d0e4e824cf73cb55131e94de457c45f27,src,test
f1b621d3291b0e6653636c4bc0a90923d10aae00,src,test
7f20e63a7252f33c888085134d16ee8bf45f183f,src,test
d7436bd5085dd7ae08819ad1b80f2f741a65a831,src,test
1850af51ca515c0a319b0ef529fcebbe378289a9,src,test
1f24d1f64474807d7d0687c19e7a411af25857bc,src,test
a3fbcb89ea0644e894c050d619cc46753563a4b5,src,test
63b716b45fdb8c66a4858256e220f328774e6b81,src,test
dd5ca2b0e20e98a9d70a51761b14e855e17b7c4f,src,test
5d96c124df1116d344f1791d2fac24a16eb4198b,src,test
7d4ff389b58523b69a75f3df70b85771f4308484,src,test
a10c0eac5612bb8ca4be4d713cf8b0d550cc257e,src,test
170db9db134bcc403f02e780357592601a8da2b0,src,test
ea1346d97958ba4312dabce7a3d9625372d97990,src,test
f21201f823ab2e31ff9fdd2e3503621450684e8a,src,test
4fc8e6c11204b503902cb5a790c3bd1161f35460,src,test
ae6a7f68094f2c9780ce17a3ec2e25b57fe0c272,src,test
f70dfe93af71ffa122f5e22c4d515510be551403,src,test
ca13aca871aa293d8e4149da34219f1a2608a757,src,test
3883113eeb14d6a6b2e8cf89847f7217190798fb,src,test
349323d67a065c9fb0bbd28f8ec7adfdb8a169cd,src,test
21d1257e84384350ba855c6acdd7fd4f702625fc,src,test
6ba18eb3e331fea8f38d32edcfcdfc2e361cd17c,src,test
6b5424acebc1bc4ebaca97d6592ade901d1fb838,src,test
27b50875343fce779a5a071d5e3be1e36cd32cf5,src,test
fdfbd49539d4135beabeac672515d85f735effac,src,test
2f5a0c5cb8cef185343c5fc5adf9db433949f8f4,src,test
225ca3050429419cdc2ae05fbf99e6791f92ebba,src,test
310b4c0b0bd0ad3942a677a0802e50f2c603f1d4,src,test
2a686ff33684ba12cd3d82e17bd6882588ae6a7f,src,test
b9ed7d0125c71cb29c5144d95d2c9c1009214a53,src,test
84fdfab04ef69e273777bafb90e3e05d1e60b259,src,test
95fa45db5f7dc315704669e00a4a2c2f4672c857,src,test
528dbad4ada7d42623950163f4266e844e9b88eb,src,test
a258ae81a164f794ca58fe197da33b8101823135,src,test
49aba9fa7345ce7ae460a3f2026086fa22f3fe03,src,test
1cb0800d36f185ea5ecbbede29df5e691c02b9fb,src,test
1ccd0e7bacfbc56e4e796cbde2ff3a896f71c1ad,src,test
47a3bf8157858c206df0bcd1b8e9b629945f83ff,src,test
c76adddb0b29d45c22d3c350d1d852d08f54b3c4,src,test
0a3fb2d4c3c16e17a6a5fd0ccbe52821f803ca31,src,test
b2bcb8b433c9e98228da79a978194c07c9e8d231,src,test
0fb980bea841aade96c2754f531080d950c8a3d7,src,test
0c79e427b93158211edb069afc04611aeadc2d3f,src,test
2a3923a0483049dbf730122f74d71b91d6600097,src,test
6237bd6e841dcae7b0e4d8cc3d0b7e14bf6694cc,src,test
8ceb04ad7317d8db24476b3b5f56ec9f658bc43a,src,test
03028f0095d527ff9bd84bc929fc4931f17abf13,src,test
110ffa80070bf54ab8efabdaaa27b193a93d6128,src,test
ceaae6ab9dda31edad1029711809a0c2febff3d7,src,test
1864354ab412ebd2b96dcc7e25026fa988086133,src,test
a5b6ede2eab2a1275af5f64ea136e93b559b2ba4,src,test
48ba6087824e2831698de1252040f55e67afafdc,src,test
695055ae44e061ac4904eed9c5dcc764fe17bacd,src,test
4b5a03d1516778084e669f2f74ffbb9f9fc086f1,src,test
d3fd493288ccbdf1bf54d7d1ea0bb6c96ddc6d57,src,test
8353187720313576b5d6d459adcd23f5174b8a7e,src,test
cd76884e343c7219326dcc487c34c368469d3f0d,src,test
196baef310a308616c74b394818da5d6b37c27fb,src,test
66eeaed1f89dfabcbafda0567bb4b680d37fdbe8,src,test
5bb64f8f92f34acea6249946ddfa5ec921db8b19,src,test
cdbfe05b1f6f3198ee97ce1cc809ce8b6d993815,src,test
44fbd4985cb7448b727df60df398c1b7705b7602,src,test
98610b68e93e75a5b1db2687894bb30ff2b09c90,src,test
7616cd17d5e1dc7c3dee080c6969183821d4797a,src,test
d6a5ec762bb3b121e6677ceac78b8010eac43248,src,test
dbb91dca7081e2924b4e97083c436340731848cc,src,test
14f6258ea68c84a5549c9cc479a3f58bd8204b79,src,test
bb2f0e5b485348104679aba68f6ac78157feb207,src,test
4219af2ba2ebd058d6e511875f92f7d30c8e0b40,src,test
284c0032bb6a836c07cd902e47d2ce57faaeeaed,src,test
db2a9a24d709fd3f795404546c981b61732bfc81,src,test
916a328b70b8da30bbaf1a567d523e9b41cd644b,src,test
55849d4d8be419dae93f0cbd89327c3047451986,src,test
d34597c33d3a5a3971ff1db68ef1cb8a1145ac03,src,test
26318b0ee801f909031c9e01ddf3d9e50d6b9e0e,src,test
492abc60c0addd90bcbe2a819a946b0241190fa9,src,test
b31684406d8c7d21910f196e17415aa7ef6f746c,src,test
ccc50ccd4c050828358918af566a28f4abaee301,src,test
fdc1ac106771e332b1b131cd705fdb505093dcd2,src,test
7c5a16913ee8295a39def6076da699a3efb08523,src,test
fb455b94118bf03faff3baf665cdb0b8f67d6968,src,test
7edaff3bcc0c101a4f71577c8c4c8f654192c083,src,test
6d10d03eabb2b9ca580a65688c324f44565fd770,src,test
d1d91364dd2ae745f525894328d9cfe735c3d486,src,test
8c33547e97f124e790a85db2df93aae525485a76,src,test
2c0fbe0a908b7a1578be50b78449c2b8552d69ec,src,test
364c89722b8ab5407f25823e4f9000042dfd5f58,src,test
03092d20186b02385545dc574ca84dd015e53c89,src,test
80d17bbed386675c86e2bff0eae3c8de28e36e4d,src,test
8e9d46ff59893db4d6fa12acbd497e5927944a3b,src,test
15605a5ac40e77b6061e07d5ed3da16aabef286f,src,test
63ecbcfcc33498dff1fdf0fc5e66b1136dbfba6a,src,test
93a52a3c95b59c4c010c1ff0c6eaee1d4b5c1e95,src,test
55b2680abeb3887c033d88ac3eb65747a82468fa,src,test
070a512986d0d1be223ef39293e404b6e3892d0f,src,test
97cdedf0c461d5745c1562e6c4c134d7a3ad0c0c,src,test
ff7eac4ff4cd375d05bd946cb3c29d62210075ed,src,test
3d5808bfeb0ead973550d69bbc2b29db6f74695c,src,test
7bc090e660971791cbb3f73e34dfaeb533deb72c,src,test
e5e53268e2320c601bcf10097f6fc041d9aec040,src,test
75a4bfd3e21a77e077e685e477aa3570c566ea61,src,test
14eb959ceb682aebef7ab9e2bcfdbdb219ab139e,src,test
8912aa176ea8414c2fc57df0d9b030b918630e9f,src,test
ab03b6366fc68287f6756c4e6d0bb140ba5450d6,src,test
c03a47fb2d3d4df94ba608c26a0a7570798b3611,src,test
a323fa6b93290f6ec3c13630380b713cc63d7d0d,src,test
24bdec918dddef8e7eae4b1c68533c04327ff104,src,test
1ba7cea80b63a67f45c2ea50a423fe4b92fc000c,src,test
c78db43ab164707a17cf5fae97725f1c4decf1ac,src,test
9e725017713095deba16eb4646ec03a103cf66f6,src,test
464d5c5369c8d696107553ddfba9b5978ea441a8,src,test
5d31fb155a1aa2e76bdcf9fd46dbcdffb60a8428,src,test
016386354024cc9f76a11553ebdbc34afd44df6b,src,test
f8c99e379e34ce7bfbff880e9fb9b9fde4b48d19,src,test
468729ae56ef0f3659d523e4604be3853ac24e92,src,test
7886e43ead51c44e35166a87c061e6b2c60ebfa6,src,test
3cf9825eef5ec89cd291184758063c4c4607bf2d,src,test
735b83f11f108793d6148551e56b0b3d70e56cf3,src,test
c741f7b496a4811f1123cd4cef0969e9e9e372c7,src,test
5f6a3cb640bf97b1df8d75a81af4a4eb8c24c036,src,test
e70919d8a887b0721cea7119e4f67ea7f6530a74,src,test
8fc8761202c728ae12b166119ff1e022a694c805,src,test
dbb67fda82b7676c43d87e993dbc131f9eaf81b5,src,test
a976d813dbf724b115e539c203d349e68ebb1787,src,test
0a10fbbdb7977a2d7549dd1370f8551ea0d972f5,src,test
1110169f0645887597b2723cda4b152e58c42980,src,test
cd4967e426a37b88dce63bc78a07a69e0363da45,src,test
8457dea84e579618e64bf90d1b6fb501c714c0de,src,test
9378bc42c8c5cc870a755fe268af778e6261aa4b,src,test
6d665caedab2366313c8e14a770077383c206c14,src,test
d4105bdce4246c1ac4f2a9c652c47dae710c1a0d,src,test
76aa8fdac974e000685e0967d959622dbde1ed63,src,test
bd387b4648d1c6c90f7aa625d5df22fdf57e175b,src,test
f2b997e54c710e71e6667bbdee46d4a88071d618,src,test
785f4e6123138b211fceb5534d487372d31fa923,src,test
5f061e30e8890b096a15b359aa625a2fa80e8aae,src,test
01e3a3381184e992e4fb57d8689a8bb05c06d30b,src,test
93967fa58afaeda6cec4263cabdce9c64f593e03,src,test
f76811e7e735962627317dd09a1f8258573bb14f,src,test
3f9ad60102e69b886e097cec8fbe6e621b7e00e0,src,test
70c43fe11ba5fdf92a44364b6a11cd7689511835,src,test
010f4f4e4e0e945cfa52b5e3af5c3bd557b7d5c3,src,test
0cef442c816d5dba6fbb0c6a9dd173b7a1855e3a,src,test
7f8ac6f2b527706447001f757dac8c532ae986c2,src,test
8eeb9fdc585fb7f7f5be233e5e03ed76b7a29b97,src,test
c5373b1defae1592a73e3e033282c8d2a440926a,src,test
d38f3b896736b19c36f0993bb1aaf4711e691aae,src,test
9080d9419759e6ce296afad227a860ee02dd6fbf,src,test
edbf5afac63583e68b7e850f658deb2655f13c9d,src,test
4251e9f46d7504f34de00ecbca4f0b8868673326,src,test
16bdb7cc2d2224d417e32b6d6eecb3e39f9853bd,src,test
180dde8c2c79fcf35a8408cc93cc5ac60b0bb2fa,src,test
fc4c8e04004cbb874c9273e98bc156654e5aa702,src,test
5d98ae90d424ca9a08c9eb3ee8d17c7dcb42c273,src,test
4524e3dde2ffa40a5f32dfe117133cf7de933391,src,test
4578731fa64ddf868c66b2e04d8d56893018b9db,src,test
7b8bebd6331a02066eae5ff909fd9403a6fef5e9,src,test
ee8ee749a863fb2e60d7f3ed9bd691bec0d2415b,src,test
f4f17245a28a82450725257c6c433dfc721af15b,src,test
18dc62d72821fdc54f53ba4a5ca98412ac1f4441,src,test
8d98ee2abccf68a269edcbde8d8d4a8f5ac4bf67,src,test
eb18f5d4dde597850d2c28bfaffcbdc81d1c3108,src,test
3a057b3eff2be528a1fed41852a990cff87a72c1,src,test
f6a483ed2e56389cb1b0c45b7b3398cbfe62c65f,src,test
751000e5c52ddb258130798a7ad73191a1fbfeac,src,test
4abf1b73399915d06663bf015485d7693aae6e73,src,test
00d90fc20d263cd668401297d419285df311812b,src,test
518a8d2cf0b0f2d57affb299b8cc529a207fc9d1,src,test
632ef93cd0b18f423972444150ea1d0aae0c3f29,src,test
628ed700388a3c424823277ae4dd9edfc18fc66f,src,test
bc047f288a4aaff4ce8b55982598908bdb66ec04,src,test
ef79f56a8ad21f2d58398b540bcb85a58c3281c3,src,test
1cbfb183047c117927c7397c393d9282b2c589dd,src,test
3d9e05bd61d31625f8716a6c20d0b4089cf90cc2,src,test
e87afbb4b30bafbbb3ce90b79866d195af3b6206,src,test
7aaa13e3aca9c193c5b23073c153d49305fb8dd8,src,test
b8ad95e28f3d08ebb4419886f2a9c7c7ae0b8494,src,test
733e54e29dc5bf763961e22a70f70d4d036f2ec7,src,test
36a7114dc934c1594beac518605d874cb10a08f9,src,test
46f99dbdf92f698494e0efd23c203686bc3b6076,src,test
920ec4c3efe3133aa5009fcc9757a3cd07c5ac02,src,test
d0c872e4b0837aef1e1635bf5f15d33c3d8d9698,src,test
00d95be253a9ef52a46d57a8d93330334db90260,src,test
5cac0e2b645eb7e6a1e787e34a78a1c9d72b20ef,src,test
e585de1f90d3dcd79fa9eef7b769d7ad269cf4cb,src,test
b9e474a6c3d00b6ea3af9f1caed718cfc8990cd1,src,test
f335550bed5274f36c0394d08de5a134d16a6daf,src,test
a4b3503bdf20a34436cf092a46c327adf2979359,src,test
161f531212303898b2607ac6bbc9edab43482af1,src,test
e9d91e04f8d990fd4328d1433b4625b7c94fa6fa,src,test
09a3baa20cffdd1b23558047911be7d603698540,src,test
96283c6fbf9f6eb7293e44392e94011973f29842,src,test
b0dcda67246bd661334cca72595dbd064c9feaf2,src,test
86ce62abf7e60d27937f29fe8df8ffde95959e3f,src,test
ab9e9f347705bf9f4ebace4b07b085088275a256,src,test
82935114a09390cbab0c6b6df9b6fd6788bf55d9,src,test
c9ea446b45d26fe782ff9fa91d4cdca91dd162da,src,test
f7929968c7ca33cd53acd740975825866b03e84e,src,test
c17169c2cbb0b3d055d64ec2c4859122ca919c42,src,test
62a976b93868c0868e16da7c30792bdf5782bf03,src,test
afc5bb89eaae10a75e1baaa9f3bfcb19d930f17e,src,test
585b06d890b5e78857a5c5d5a2301065c2cac08b,src,test
bdaf58a4422e2b26c4c0a7e5e223570489e7c5d0,src,test
71154c20018bc17d49bf9e2ab1c9c7d2451869bd,src,test
a0519165bd79442d6d520615c70ad761cca9cb45,src,test
f97f8888228b0f8874c3b6e95f8876fbf62be50e,src,test
afac748f7c52c7165d8103266fd6f0ace5eaaa37,src,test
beec446afbacf2037b492f656b89cb3190b07678,src,test
c98661f5b6a3baee3c27ecb4ac0ee7b56e172a27,src,test
2b80eb1e31ca792c005e834070f3d13f9484bdc3,src,test
3749ec2b6ceab6ad7d81b1f44f0d73cc68f9d1bc,src,test
a938557a7f789339aa7baf87b6a334e2d8b0dbef,src,test
5e052cbbab5fe7a2249b1e7d12a17b77d39f8507,src,test
72cc05be380641851dc0223e45de65eeeca612b7,src,test
1a20382256ce8e1a409f7133780517e20eed0bde,src,test
530b3f97c0f411b44aa5b2998110dd49bdbdb367,src,test
24d005c8f4032a43b8c85437b7a251a507c8cffb,src,test
4c4cbac535daca69be0baba84be77b2dd0662d84,src,test
12cc51bb13017f411cb2971fe54524e08aa216fc,src,test
fc40df5a0a9769a9cb11dee8e46c9bd17e0ab130,src,test
a5f76f73a4d06219522f69d13d8f364c0a43490b,src,test
a2e592a5ea651c9de0029d584c535b17b55129c2,src,test
777193df1c5cae8b2f4f4cdc4cf7d9fad8a9e4cb,src,test
ef8b9354114625d8cc63a996d66b94b8964a1ba6,src,test
606cad207e214bfeae93bb70b8ab311ebf8ac2ff,src,test
c7f689fe43f922ff963a6537f9b76a3ec3aa2916,src,test
4278cdfac0b3927227587bd28d7506f41d3fd30e,src,test
1a1e0aa1b8a98ee6f2e4bb7766f0a44266924836,src,test
57a33209a8de98ac74e1ac2d5e5816dacfdc92c5,src,test
e9753520d2566a5ebbe9a109b88a07e626655c52,src,test
e69d84032de5300c60b0081330ebd34664ea8114,src,test
8b2afedf3fc868f03d3fee42fa59a5b442887827,src,test
e585241d146b2353d9214553d6b77541d3dd6839,src,test
691253dbb59f9edf5bf5356c825855da44db5649,src,test
d6fbda8c9e66dcbc02b5fa29cd454ec383ffe434,src,test
eaea9467f546f37fbeb16b128808d791a7836eb9,src,test
2ce67f838b8774867249d803d5b6cc28e07972a7,src,test
25874f1631e8cec2eef34680df18f16c4537ea70,src,test
d8b18f2e77c3f352677a6993225c4333b98d0481,src,test
a6ccf070a267e0a165b8efaaefa8938e787bb6a0,src,test
7868342609aa725794652dfe04d696de1ba7545d,src,test
e51a574c9f65ecd1f677bc8b969f04ce8281234f,src,test
54c9cbd00f66926aeef5091b6caae12e2e3f89e3,src,test
f1290c47070dee037e2250f179dbbf93fe6b0759,src,test
573056c16f4030c8d8567ec0ae7b1b1f74433a8c,src,test
e896cc7f1c293a8b7ffbb84498567b738858cdfa,src,test
6147963024639c3b5ea3a2e4ee7ed3db6b64d34b,src,test
af44738c7de74f24e37ea0c1242e73b07c3f4362,src,test
8fd6cf210c3c42150c914880700b5d3182adf0ed,src,test
41441c6b00e64c9f1f1275ff01a0ac4f7c4ae13e,src,test
40129db358b066bb27c2108d09f8e14a780194cf,src,test
b8634ba11f9efe4a7b3da1269b3025f4cc249a14,src,test
5a2415278e865ac0becfcbaf8626d4f0c3b17a70,src,test
ff32a690a2cc73d709ec7d079ee73d92eba99183,src,test
fb763844ef12e060dd5cc4f919f6dfbbf15d35cd,src,test
5e7ef66fd469848eee66dcc476f885c4474e75cb,src,test
1db289e9dd71048bb83bb48de72942b868d7a28f,src,test
120f622c8b299ce2347243dd67b9314cef33da89,src,test
c1e01f86a7fb1693e516638b6b1ad74fa4cc27a1,src,test
f00a5d7736939f19fd11d2bb5b856f1505526c15,src,test
8bc5850f720002ed89b70ea90e6a979cfd5d67ac,src,test
21649c3e56387e29275d90ed9b73b58c64bb0e6d,src,test
2f07821e3fc93559a84a420717d7d393833629c9,src,test
075acb4884b6ac0afd261249dc2939d4d0bb29bf,src,test
ce6b947805b2f56f9192b59ad89b978521c25140,src,test
a5fd16a4a8de6cdca1a830e609a0b4a013a163e5,src,test
0281caf46869a272532e4d21389f575d0ef6737c,src,test
7d8de4d794b8f5a2060fede48aeffbc94af91f27,src,test
efe9ef4f74d4eac65450b844701d086de0630747,src,test
4f8430585d6fef6006a25c63d91f6c184e3622bd,src,test
9eb1a269a5dcb595e4b06c88993fc406119f2623,src,test
613601b6ee4f478d91d9ce9460b5a6821b155403,src,test
b7d8d098a6322d83091fadcd8401b65c1cd664a5,src,test
832a1969c88c3fa1a95a01177b552af123d319db,src,test
065117f25fe75b78e2c540f42497e2bd3f3724cd,src,test
d6b9e10778eaee17eb1cad8b48d7fb046fa990c3,src,test
3ad94968146e6fa1437b303cbdc9e62e820de5b1,src,test
78e1b0c359232122ee71b1c8f5d599a7737d0fdd,src,test
139fff98f91ceb84f6d339aebc0923812e730c27,src,test
19ade1ff81503b05a34ba8fff4ee9c9b63860587,src,test
a8ec4fa290bc1cdde060218d6bb811ac1fa6da6f,src,test
71f7715764a225d5eb921c4514af0ec3f86efa5a,src,test
cc7dd59c4400d64b4a6e75bb428d439e5e496c19,src,test
f3cd93e8dd9cd9c23d60bf57e5f23caf1b1bc3f2,src,test
de90c29dd7ad40b2eda7c2a61ca2d999033cd5b5,src,test
e97fd71cee7933777adf68f1a698738ac99048df,src,test
3e64b406ca34c46ffd04c435e453c17b4839c0ca,src,test
da2661ef1b11ed5840b3d6b805a4c911c418cf47,src,test
76d7bfba4818d46017b06ec0f11d343ccd1fbd04,src,test
c079f2bf882b32f8ad6a6cd03ad118d69c74f367,src,test
12089f30b8c2c15d7453f4467b4a3e91cee85e9d,src,test
22de8ed87810869cabae83af469639aa5d6fb383,src,test
355e1c7a214b4fa4e45ceae8d346bd36a5d6d168,src,test
c95f6b55ca49a1db98ea72dddd384b7413fe6b9e,src,test
95e80581ff43911114ef748b3ae5fcbca170a0d9,src,test
79e541db533ac5d3dce5adaab4d9257982587af8,src,test
7ac16f5df1767c37d6829a4f2c976886c0ffffab,src,test
9f3ecef3d1b3e09ff6f6675edbce1de151514575,src,test
0e896169f315b54beb55a29c61924a271a3b5a29,src,test
aa437c768b9b67d1c8c2a91952899468491a105c,src,test
f60452d3bd20356d6ad97808656be93fa3b495e8,src,test
62f576b041f4e0fc43bfb95b1067fa68c0f83e26,src,test
48da013300b1f151dfcbde995e85ac1d5ca60f84,src,test
5f55f99e2b3ee7b6da2447ee46db6f3e2dac9974,src,test
3a58f0efdc9bdcfbe1e75de4e9da956e066579d4,src,test
7639f331b8c002647dd02f914bbd3f3203832cb9,src,test
0464f5657dc8c76a4ff209a2cf7fd6312885cdc3,src,test
a846ed650a5b2baea2a4300561fb29a8faca1a48,src,test
918f0a5aed6454b307004b6c9c86afc8e96353ff,src,test
0330d8b010d42553da12fcced5fd65f3909f2d5a,src,test
df41fbe00b1300cfe5076bb4e9242214fbe677f9,src,test
75f7c1360c8ab2f652696d7e04812288f1b695fa,src,test
f8f76a41949fd438392da243c345be2cc64ceb09,src,test
3c924f80a4db3692a13341f0da4517052ab77a2a,src,test
0b6c1671f1e346f0b28833ee7008d135d59e68eb,src,test
62b6bdf44baeee172b2b1684835fb995bad2a47d,src,test
db1c0c1f6eae25857faa9b503e004d3d06c00867,src,test
b1716c580ba0ed24d4b8aea032ac91cfafe12afb,src,test
bd6f6fe42e7a411815993d2496616dbfcffaea68,src,test
4ad2d0ec5613bad117a5049b6b8b8b00ab09e932,src,test
575cd64380180ccff06dbb74f98ce60d7ae1fd8f,src,test
ef3b7a0b0a1896f4e2bd7ae45ee9e82fc08e932d,src,test
ecc666ee48ee0727afee65346fbb7d5cc25381b7,src,test
e0f24476f8535feb886f97ba696e07b867785e14,src,test
6a278a48e44d1f1c1c6777a009d9a7d20745279e,src,test
082d5d9b1647fff4728e177fc25b0f957daaee33,src,test
844457bd9817d05e1a6b408beadcd74fb3f6b61c,src,test
dff2db27882e71d589698fd2d85e25178c32b70d,src,test
d973b6f4fd6aad3b17a1758c920a3b962269b2ba,src,test
4f7060cc54bb50292ccfbf3b9fca27f0282abf51,src,test
5af24fee1cb0dbcaaff3d3eebbde1e56597d8658,src,test
49c9a8b0c96273d8a39393a6b76d2c9b6ecf2dbe,src,test
5cb37751c0aba81d025dc5fe4f2f9a3bf86cc958,src,test
20d2ba63c5e0f7d48764839f65f971ed9881b84d,src,test
57bafd2c3ad7db992667b7f9d56dfe9aca0d82f4,src,test
421b88ae17bd88692c7e3f154107a9af1848a90f,src,test
c091f1f3bef2fdb11a8dc0b234202f58fbc9cdf1,src,test
9040da602b9cabd84a4b3cf9cb2411ee75bd3d33,src,test
aa2455891c27c7bc4c1132be6c772d2f67518a26,src,test
fc122a2c428bda2b3ee23108e90894093e66b38b,src,test
b3da4f67105cdcac6d67672a11f15781692dcca0,src,test
abfd88d53110134d32e056e84011718bc548030a,src,test
77fea3dec7da07cbd9f03f4927561cf4568f929b,src,test
1638f61172d45e9cf046d1d7a6325e38181472bd,src,test
913b4982da55113eba0f67d334cefa7e29a4c4d2,src,test
9e46a9ada54444d7f933cd9cb2a44b7f601bc75f,src,test
87aae9bf3de8ac0624c02af07a848bc0ad5b39df,src,test
264b6bc878bd05d8d091980aab76cad46d9c6b84,src,test
64b87cb588376d8ed9b9a63ee3e31368dd71e087,src,test
f2b938d32f111984dddb54e35d6243143691d1a9,src,test
8d5be3c4288cac5533c3dc6edcca6735eef4a6b1,src,test
0cc49b4407ca564a68187410c772df41ec1e3541,src,test
3317f24e396ed3000676384868270568a886b396,src,test
cf7f7cc55e979ed70bae92e77e08b0de301ba65f,src,test
0ebc2ea06b5abdb441a57a8e0f01305a7839c3d9,src,test
e8cebe01abae49a09aadd6a26c6f7e2f90e5e772,src,test
f24b976ed05e54b3559406da73caaf1db5268f14,src,test
7f787e51fcf8b3be670e6482e0036dec3c14d502,src,test
9e7f79aa16fad0d614cd6d8a7bc36b06ceba3205,src,test
112f280926b92b3d1c90a3071d393088ce79ca65,src,test
eac6ed040b25277093b011869f6a4fa7d01fac44,src,test
f6dcd851bab4cd1fc3bfd2aeba231238ae74fabc,src,test
f7cf9a86fb25aeba5c3ec37ddb6e5fedd219a4da,src,test
8717814f2e075927e4058d91ba746f4d9ec54dcc,src,test
bff7ae0f4db9c5c0f7bfcdd3a47d4fa0fdaa1232,src,test
27a2f515197d4688c4df82afb791bf8ce20a5504,src,test
7d8498434f56017471680291ea0de026f9050ff4,src,test
a72b9a8a96a18192b0d2ed12fa51edb10af4dbab,src,test
ecbd951497132c68dd2b264d7014251e33acba92,src,test
84c142f56fe971ed52ecfe42b42bc0aa7bef8354,src,test
c0222c2dbfbd2b053961a46e4c2a3973aec55a75,src,test
fba2bbd0fb28ac6671e3e0cd14e0f5c6c74d100e,src,test
3b603ebf4bd3b416a2a00b7729233ae44ec75943,src,test
cf6eb1c24deecf8a5fc23d4a0b09f46ba780d48f,src,test
f319112b71df8a5848d7e7923bcb446e7f1bb4d3,src,test
319e0de4bf35129483eb6002a7b8ca17f017fcea,src,test
3e233ab87711c188d6cd576c9c13099fffa6bdce,src,test
0786bceef663e37cd91e93781a0fbd3fe79b9d07,src,test
769eadbd9d4f572eec80950e9b2a44f63582b03b,src,test
c4e61e5418c4bde70f1e0eb5e99817e1ac4775b9,src,test
cda43ebb20f40c33994fe1b923d0804916eb15a7,src,test
34b4c288c8464d3380bc45571c83e72806fffa01,src,test
8f546177b314e0e4dbe0bcb282951e29388dbdbb,src,test
44db467723c2440d93d673679653f91f0d8fcb64,src,test
82dc2a3727faa3e3028902b611811c3a3991c9ff,src,test
b0dcc252f7f3502db87769d0567ac70d5485e75f,src,test
d136f2f0ed809bdf1445d5e234af9eb02ff467ee,src,test
a663d2fe76bf1ff54bbe59bddcb52f9badec3f2a,src,test
c1f2c4e6b5bab4cfc004f22999e11e8ac140d377,src,test
a10d9c323124ca47f7d57d4545f4d9f5587f7da5,src,test
66d928dcbb23f24349f10066d0dc54b6a4925f1b,src,test
2ae9214863e36a6e3138b4c8c2d3de7a88a6aa14,src,test
18f797fee9d1c33a2a99619b5bec685ead53116c,src,test
79759998d806dcd4506db3cd35ba9ef8df92a97b,src,test
3c9e8f2b622a70ee4fcf8c5bbd5e9b300438e76b,src,test
14028aa62034ca1d58d818d4209549fcc2258399,src,test
0f191f1ab1ea7c390525414cba8252062dc58371,src,test
6afbaa5aebda424726016b90b68ec929183b3225,src,test
297ec0de8b9f3c93f850f41e63045648bb279966,src,test
b54feb3d81d04a4c2f4255ab9c81678d7f14520f,src,test
76f6842acbe85e77127ce0d3bb2244e2ec2e4993,src,test
a544167a81767d2952b2f04fb2ff8d6748fb94d2,src,test
634d34822abe02168f897f5722ce1ab014e1de05,src,test
0b421ea5ff39f05c755fc3a49d5c614bf878f01e,src,test
693717dac2867dd66392c40f08750f748fc2edb7,src,test
f891fc76cf1c88ed986878e21c3118bff1065cb9,src,test
b11667de19d5eabfe3d281ecc028ea1a954ee68b,src,test
70555650be2d33cc683074384439053d863877e4,src,test
bfce585f089d373a20a435d6c93c40afe389430c,src,test
128cfe3509932cc2d5f60dce2114e2d4e39f33ef,src,test
05367c09674f1cc8a82848e46e69c10512f0d72e,src,test
fdec4f140584115d359d827047fc35932bec4990,src,test
98da6726c5c4eabcc6fc3533c5840d7a18243d9f,src,test
51aca5035ea543ecdd109a77b30d34006cb98f29,src,test
ded74037dcfcb57a9657cb424fe89ba8d0146f42,src,test
b636a6207177926a6f76a687de34ecb6d4631fc6,src,test
41995f8eeb4623d8a75e7ba71009c1afce91af1e,src,test
edb2bb64ff1c6b2cee253fb2fbacb28971006a1f,src,test
8c974778a1c624d85de42e04db68830bc972b45f,src,test
3792272bfbbfc74a8ca5c4edd2d1862a55f9fdb3,src,test
05930a300f030f034af656e0165aab9f395efd85,src,test
383c1ddc98f82cee77e48c1c12c4d97b8cfea243,src,test
e29a99e8eca77bed275750bf4ab698d542211526,src,test
c7ef1673889ac9f9158f8ba962d6ebc2d809631f,src,test
2ddf0023fea64bd11722b92dfa50b89d9280a824,src,test
23c90a564180595a56bc54c78607ff320cf8054a,src,test
10f43cc44a3ce7f8d3d647189e7219267a5d3bc0,src,test
0645d0270393835aa4377e9e11aa2deb190e21bc,src,test
82ac36789c1863ae1932e886d0584d65168524db,src,test
8d391c3cafdacc0e797a050ad82a286fc345153d,src,test
2cf10c003d259235630df75db11a345ba6146061,src,test
197397bc2baf6dd5626a6f4681e98cecc06b9da1,src,test
eba93826f0f2536b62028d4dc3cb95d3ef1868e1,src,test
e6759cc35669f3e33a56bab4d0e12e099fb945ae,src,test
2faec95a3610c368898751e996fbf76b4f7dbcc3,src,test
4aa8e25f46c06f8cbde4216335b6de046b7b62c2,src,test
63fbcc7bb454b1228697a3e14b2199dfe216b9d7,src,test
b42a3921e512affafb268bd266b5a380a6de1c8d,src,test
c8486b406a6425b451d48046c6cd2234820dc3dd,src,test
913da98488d3e659c927027c618b12cc5c29e288,src,test
57ebef695c4b323da0fba48f2375fda306ce26ef,src,test
9e39584d8934dbaed3a8f5b7bf24ec5d3a4436c0,src,test
006ff3c32d13b47b67e13ecb939f77e252b7ffe9,src,test
52a81d3a6a82e6bce5a25bd5a8bb489cec86a5de,src,test
0af91b886297cbd1f222c9eeedc1ac1ea0c7ce44,src,test
7fd7df563a39979886e298ecc1cffceb886c284d,src,test
6589a1df9455271a24da26396925858096d93575,src,test
dc446b4cce579724e2bebee9866a98d19ba52962,src,test
db5f18d2fff36269b9fd542374113832f53c6d1c,src,test
6cfff46ebfdba5b8a4e1087a0113cba24aca4a70,src,test
d26d4ba3d96153c916c0bd76f7074ed5924e87f9,src,test
a0c927bdbfd0030deeb2458c71bc6da6c91e87af,src,test
cddec8e5f415931962c37d662e01b8ccc9cd52a1,src,test
21088a00f480d18b723239384072c7c827e4f868,src,test
be441d5f7db085e2b52c62e7182eed394c3b5916,src,test
a57e77bb6df44a505a21f827051f7b52bf493eb5,src,test
e011fc733c93718415622c4da5ef4aadd97154d7,src,test
46ac7c49b5c0c289ac497566bd55e4bca36b31c6,src,test
